id_comunication,phone,email
1,3172343774,kalbrook0@weather.com
2,7061230091,smulford1@csmonitor.com
3,4617315363,dyeend2@patch.com
4,4049001027,amascall3@sina.com.cn
5,7494366802,natwater4@aboutads.info
6,1478628636,rellit5@istockphoto.com
7,8309607320,ibowich6@constantcontact.com
8,6227454054,jstibbs7@state.tx.us
9,3871632188,flippo8@oaic.gov.au
10,2353394303,kkew9@bloomberg.com
11,8853711633,mdunsmorea@blogspot.com
12,8427876499,fwasbeyb@nydailynews.com
13,7289420574,ekalbererc@etsy.com
14,6455248974,qscanderetd@list-manage.com
15,5941232103,lpolese@imageshack.us
16,1438959928,krubeef@google.it
17,4537850695,dcaldairoug@usgs.gov
18,5997978568,ftesmondh@gizmodo.com
19,9308936028,gcharrieri@discovery.com
20,2121921022,kstenettj@vistaprint.com
21,8542430518,nsmuthk@amazon.co.jp
22,4376842151,bgrievel@qq.com
23,6782203856,wpopem@about.me
24,6695218270,lrushworthn@posterous.com
25,8236859113,tbransgroveo@walmart.com
26,7484895863,rgadsonp@microsoft.com
27,2585881438,gstokeq@posterous.com
28,3819929838,dtwinberrowr@unblog.fr
29,4467091361,dlimbs@tripadvisor.com
30,2789472206,jblenkinsopt@jigsy.com
31,6584865467,achadwenu@nifty.com
32,5256420084,cpolglasev@mozilla.org
33,9367551709,ctitmusw@opera.com
34,5642811734,rtreleasex@prlog.org
35,6123684884,macocky@ehow.com
36,3099654306,azuckerz@webmd.com
37,8174994516,ystanger10@domainmarket.com
38,2354694822,qhubbock11@cocolog-nifty.com
39,1382489954,vmccolm12@sitemeter.com
40,8858567080,mharland13@boston.com
41,4208227651,wseavers14@cnet.com
42,8825393057,gkondratyuk15@netvibes.com
43,3009027479,zeat16@hc360.com
44,3785100608,lkaszper17@twitter.com
45,6932742345,hhucquart18@smugmug.com
46,8683789019,araselles19@multiply.com
47,9622225816,khawking1a@va.gov
48,1976757869,ksumpton1b@epa.gov
49,5397231731,asharrocks1c@cdbaby.com
50,5028356930,hcapineer1d@lycos.com
51,8789803868,bpindell1e@cdc.gov
52,3855238322,dpittson1f@miitbeian.gov.cn
53,2869167487,lwinman1g@theglobeandmail.com
54,4314580303,rgisborne1h@state.tx.us
55,2869398546,nstolting1i@time.com
56,6908444008,bdelahaye1j@prnewswire.com
57,7265779963,qharron1k@vinaora.com
58,1927378801,dpirri1l@biblegateway.com
59,8482756991,jfirbanks1m@miitbeian.gov.cn
60,1241581744,naarons1n@go.com
61,5557087596,mlyosik1o@businesswire.com
62,3147380913,kchrippes1p@irs.gov
63,7337662102,kkirley1q@networkadvertising.org
64,9941138446,bwhitby1r@indiatimes.com
65,5214769461,hcraine1s@google.com.hk
66,9041661265,alipson1t@psu.edu
67,9762983088,cmessenger1u@com.com
68,4528852329,vyukhnin1v@forbes.com
69,5116092705,ccuesta1w@bbb.org