id_person,first_name,last_name,national_identity_document,age,location_id,comunication_id
1,Augusta,Hadcroft,22086667,75,4,39
2,Marjory,Ferrero,23976711,41,16,36
3,Denys,Klement,24433630,54,17,33
4,Hailey,Durdy,27874789,54,13,31
5,Thornie,Scates,22236937,64,12,30
6,Jacquenetta,Rives,28839810,37,7,37
7,Leyla,Mitskevich,19357937,54,11,42
8,Holmes,Colwill,41052064,34,5,34
9,Dietrich,Heinsius,24234714,52,24,44
10,Sylas,Saffran,41872179,46,14,38
11,Barth,Januszkiewicz,27885239,68,18,28
12,Linnet,Sandle,24556122,57,22,40
13,Karlens,Lages,22793664,27,1,48
14,Woodrow,Goade,43988956,39,8,50
15,Kimberley,Kilvington,42288302,38,3,47
16,Elisha,Dallas,18126366,42,25,35
17,Wilma,Bindley,17180319,69,2,41
18,Pinchas,McCarrison,15710535,31,6,29
19,Ivor,Brecknell,35041381,69,21,43
20,Nani,Dundendale,39892611,50,9,45
21,Aimil,Gingell,20920182,31,15,49
22,Gretta,McAlinden,38892706,27,23,46
23,Ninnetta,Billyeald,44058198,74,10,32
24,Cissiee,Kelwaybamber,31291666,22,20,27
25,Gilbertina,Cornew,41711774,62,19,26